id;phone;code;jhi_type;sendtime;jhi_number;result
1;37454;79654;Fish multi-byte Savings Account;44583;15599;Practical Fresh Pants
2;60111;14286;deposit Tasty Metal Bacon Implementation;77;18182;Soap methodology Albania
3;43194;2306;Namibia;39986;13949;zero administration
4;36636;23277;Licensed Savings Account;38246;51423;Mississippi Refined Rubber Chicken Table
5;6505;1326;Usability South Dakota envisioneer;1596;9767;Nakfa
6;44015;68326;Investment Account;83319;3438;Regional
7;25877;18223;copy convergence;20794;54671;Chair Facilitator
8;77513;44975;e-enable Communications capacitor;32654;8849;sky blue Tasty Plastic Pizza
9;38867;74732;South Georgia and the South Sandwich Islands;58675;35675;mission-critical Faroe Islands Plastic
10;80219;16526;Industrial;42340;77224;orange Books
